AddStudent,Fri May 28 12:58:32 EEST 2021
AddStudent,Fri May 28 13:08:27 EEST 2021
AfisareDateStudent,Fri May 28 13:18:02 EEST 2021
ModificareStudent,Fri May 28 13:19:15 EEST 2021
AfisareDateStudent,Fri May 28 13:19:18 EEST 2021
AfisareDateStudent,Fri May 28 13:20:55 EEST 2021
AfisareDateStudent,Fri May 28 13:21:23 EEST 2021
ModificareStudent,Fri May 28 13:21:57 EEST 2021
AfisareDateStudent,Fri May 28 13:21:59 EEST 2021
AfisareNoteStudent,Fri May 28 13:24:51 EEST 2021
AfisareNoteStudent,Fri May 28 13:25:11 EEST 2021
AfisareNoteStudent,Fri May 28 13:25:58 EEST 2021
AfisareNoteStudent,Fri May 28 13:26:26 EEST 2021
AfisareNoteStudent,Fri May 28 13:31:20 EEST 2021
AddProfesor,Fri May 28 13:36:57 EEST 2021
AfisareProfesor,Fri May 28 13:37:20 EEST 2021
ModificareProfesor,Fri May 28 13:38:02 EEST 2021
AfisareProfesor,Fri May 28 13:38:07 EEST 2021
ModificareProfesor,Fri May 28 13:38:49 EEST 2021
AfisareProfesor,Fri May 28 13:38:53 EEST 2021
ModificareStudent,Fri May 28 13:39:15 EEST 2021
ModificareStudent,Fri May 28 13:39:31 EEST 2021
AfisareDateStudent,Fri May 28 13:39:41 EEST 2021
ModificareStudent,Fri May 28 13:42:37 EEST 2021
AfisareDateStudent,Fri May 28 13:42:41 EEST 2021
AfisareDateStudent,Fri May 28 13:44:34 EEST 2021
ModificareStudent,Fri May 28 13:45:02 EEST 2021
AfisareDateStudent,Fri May 28 13:45:04 EEST 2021
AfisareDateStudent,Fri May 28 13:50:03 EEST 2021
AfisareDateStudent,Fri May 28 13:51:34 EEST 2021
AfisareDateStudent,Fri May 28 13:53:01 EEST 2021
AfisareDateStudent,Fri May 28 13:53:45 EEST 2021
AfisareDateStudent,Fri May 28 13:55:15 EEST 2021
AfisareDateStudent,Fri May 28 13:55:52 EEST 2021
AfisareDateStudent,Fri May 28 13:56:26 EEST 2021
DetaliiMaterie,Fri May 28 13:56:41 EEST 2021
DetaliiMaterie,Fri May 28 13:56:56 EEST 2021
ModificareMaterie,Fri May 28 13:57:46 EEST 2021
DetaliiMaterie,Fri May 28 13:57:58 EEST 2021
AfisareAn,Fri May 28 14:00:25 EEST 2021
AfisareSemestru,Fri May 28 14:00:36 EEST 2021
ProgramareExamen,Fri May 28 14:01:50 EEST 2021
AfisareExamen,Fri May 28 14:02:11 EEST 2021
EXIT,Fri May 28 14:02:17 EEST 2021
